{
    "description": "自车在一条笔直的道路上行驶，前方有一辆停着的车。",
    "vehicles": [
        {
            "type": "car",
            "x": 43.11629612806831,
            "y": 9.114916169836551,
            "yaw": 118.01550565948816
        },
        {
            "type": "truck",
            "x": 44.75861950156129,
            "y": 14.385385644868375,
            "yaw": 350.26509915743
        }
    ],
    "pedestrians": [
        {
            "type": "person",
            "x": 37.88780332161476,
            "y": 47.93238883822315,
            "yaw": 254.3083873575507
        }
    ]
}